Artist,StreamCount
Playboi Carti,19256
Yeat,17131
Destroy Lonely,8791
Homixide Gang,4728
Ken Carson,3733
Future,3417
Kanye West,3034
Lancey Foux,2751
UnoTheActivist,2525
Pi’erre Bourne,2446
Gunna,2257
Young Thug,2095
Lil Uzi Vert,1943
Billie Eilish,1684
YoungBoy Never Broke Again,1595
Lucki,1402
Young Nudy,1035
21 Savage,887
Drake,858
Travis Scott,825
King Von,766
Kendrick Lamar,739
Migos,738
Isaiah Rashad,702
Lil Baby,617
Rihanna,611
Metro Boomin,557
PinkPantheress,555
Juice WRLD,544
Young Dolph,503
Bktherula,485
Trippie Redd,485
Lana Del Rey,463
Taylor Swift,413
Doja Cat,383
Labrinth,380
Summrs,374
Kankan,353
A$AP Rocky,351
Lil Yachty,335
Mac Miller,327
Nardo Wick,317
"Tyler, the Creator",284
Abra,281
Frank Ocean,277
Quavo,277
A$AP Mob,258
Baby Keem,257
Varianzze,257
Polo G,237
Rick Owens,221
Dayglow,218
Offset,215
Key Glock,205
Roosevelt,205
Jungle,200
Young Stoner Life,200
Kodak Black,187
Solange,185
Dom Corleo,180
vidzgiriuka$,168
SlimeShiit,164
Michael Da Vinci,153
J. Cole,144
NAV,143
Chief Keef,138
Dominic Fike,137
Lil Durk,137
Quality Control,134
Takeoff,127
Mike Will Made-It,126
Ken Carson & Destroy Lonely,120
The Neighbourhood,114
Harry Styles,111
Ayra Starr,109
Justin Bieber,109
Post Malone,107
Wakadinali,107
Kid Cudi,105
Cochise,102
Wiz Khalifa,100
Unikart,99
Ethereal,98
Skepta,98
DJ Khaled,96
Lil Tjay,94
Or10c,93
Lykke Li,89
Khalid,88
rareslit,88
jahhde,87
KayCyy,87
Sauti Sol,86
Cloudcity,85
"Ken Carson, Destroy Lonely",85
The Weeknd,84
TM88,84
ScrewStache,83
Strick,82
Omah Lay,81
linkthefires,79
Burna Boy,78
Sia,78
Georgia,77
Pink Floyd,76
BabyTron,75
XXXTENTACION,74
Matt OX,73
Gucci Mane,72
Lil Nas X,71
"Yeat, Young Thug",71
Clairo,70
Money Man,67
SZA,67
Wizkid,67
"Young Dolph, Key Glock",67
Pirus,66
Central Cee,64
Cold Contempt,64
JACKBOYS,64
Autumn!,63
Nasty C,63
Nicki Minaj,63
Mustard,62
TRE SAVAGE,61
Major Lazer,60
jxmper.,59
Lil 1 DTE,59
Peggy Gou,58
Moneybagg Yo,56
Patoranking,56
theRackz Zity,56
iAMWVS,55
Lil Keed,55
"Destroy Lonely, Ken Carson",54
OCHUNGULO FAMILY,54
Pop Smoke,54
Ed Sheeran,53
iann dior,53
Ken Car$on,53
Meek Mill,53
racki diorr,53
Slimesito,52
realgeeker,51
SeptembersRich,51
APRE,50
Ella Mai,50
Jadu Heart,50
Mr Eazi,50
nether.,50
Kilo Herz,49
Rae Sremmurd,47
vetrens,47
Selena Gomez,45
YEAT x Lil Uzi Vert,45
1Htxr,44
G-Eazy,44
"Playboi Carti, Offset",44
SlatttKarti,44
Pairu,42
Popcaan,42
Rema,42
McAllister Museum,40
"jahhde, Ifys",39
Jhené Aiko,39
Kahu$h,39
lotus <3,39
SPOTEMGOTTEM,39
Yung Kayo,39
Ariana Grande,38
Maverick City Music,38
Odunsi (The Engine),38
YNW Melly,37
Dua Lipa,36
Eminem,36
Famous Dex,36
Rich the Kid,36
Snoop Dogg,36
UNIK ♪,36
Arctic Monkeys,35
Inner Work: A Spiritual Growth Podcast,35
LiL Stitch,35
Parcels,35
Pud GEe,35
$NOT,34
Bia,34
Pooh Shiesty,34
SiR,34
Six Dior,34
vjac0b,34
Xals!,34
Chris Brown,33
Day$Tar,33
J Balvin,33
Snky Bnz,33
Alec Benjamin,32
Davido,32
kidthvldd,32
Porij,32
Portugal. The Man,32
svjcartier,32
Fireboy DML,31
Kali,31
Lil Tecca,31
Cartis Bunny,30
Philosophize This!,30
Russ,30
Tell,30
Yeat Archive,30
"Young Thug, 21 Savage",30
"Young Thug, Lil Uzi Vert",30
"SoFaygo, Ken Carson",29
50 Cent,28
agreatchaos,28
Benny Blanco,28
DJ Snake,28
Elevation Worship,28
Gyakie,28
Kehlani,28
Michael Jackson,28
phasewave,28
Adekunle GOLD,27
Bladee,27
KanKan; Summrs,27
LadiPOE,27
M.O,27
Megan Thee Stallion,27
Still Woozy,27
tecdrew,27
Trvp T,27
2Pac,26
FXXXXY,26
Jane Color,26
John Legend,26
Kygo,26
Sharkboy,26
Ski Mask the Slump God,26
"Yeat, Lancey Foux",26
YFN Lucci,26
6sin,25
Desiigner,25
"Homixide Gang, Ken Carson",25
SoFaygo,25
The Alchemical Mind,25
"21 Savage, Metro Boomin",24
6LACK,24
Of Monsters and Men,24
Paper Route Empire,24
PARTYNEXTDOOR,24
Tee Grizzley,24
Trxps,24
"Yeat, Kranky Kranky",24
A Boogie wit da Hoodie,23
Cardi B,23
Destroylonely,23
Eternalised,23
Lil No Love,23
Tekno,23
WAV3 PLUS++,23
Yung $hebeel,23
A Dreaming Machine,22
Cage the Elephant,22
Don Toliver,22
"Drake, Tems",22
"Homixide Gang, 5unna, Biggaveli",22
Joeboy,22
NF,22
Salvia Palth,22
Summrs; Yeat,22
Oxlade,21
"Playboi Carti, Lil Uzi Vert",21
Sarz,21
starglazing,21
danielveryrare,20
DP Beats,20
Fetty Wap,20
Flo Milli,20
Keith Ape,20
Kwesta,20
PAU1,20
Russ Millions,20
Sam Smith,20
SIBALeague,20
theRacks Zity,20
Vegedream,20
1Huntxr,19
Ckay,19
Desroy Lonely,19
Fortuna,19
"Gunna, Young Thug",19
Logic,19
Mabel,19
Octopizzo,19
Olamide,19
Thouxanbanfauni,19
Calvin Harris,18
Cosmo's Midnight,18
French Montana,18
GoldLink,18
Katy Perry,18
"LUCKI, CHASETHEMONEY",18
Maroon 5,18
"Playboi Carti, Kid Cudi",18
"Quavo, Takeoff",18
Spirit Speakers,18
Sweet Sol,18
"Travis Scott, Playboi Carti",18
Working On Dying,18
xonnc,18
"Yeat, Lil Uzi Vert",18
"YEAT, SeptembersRich",18
Zaytoven,18
2 Chainz,17
Astral Projection Podcast by Astral Doorway | Astral Travel How To Guides & Out of Body Experiences,17
goalstube.online,17
Ice Cube,17
Jack Harlow,17
Kankan/Summrs,17
N.E.R.D,17
Nigo,17
SAINt JHN,17
"SeptembersRich, Yeat",17
Sheck Wes,17
Sir Was,17
Yo Gotti,17
B1,16
Class Fools,16
Conan Gray,16
DJ Neptune,16
Lizzo,16
mikeeysmind,16
Rags,16
Rex Orange County,16
Sean Paul,16
Skai,16
YN Jay,16
Akvavit,15
Beast Coast,15
blackbear,15
CS Joseph Podcast,15
Diamond Platnumz,15
DJ Tunez,15
DMORE,15
Franc Moody,15
FuckMant,15
M.E.G.A. Podcast,15
Pluvia,15
Prayboi Carti,15
Thybxlle,15
Ty Dolla $ign,15
universal waves,15
Ventry,15
"Young Stoner Life, Young Thug, Gunna, Travis Scott",15
Yung Bleu,15
Anne-Marie,14
Cloned Existence,14
Eckhart Tolle: Essential Teachings,14
Everyone You Know,14
Fumez the Engineer,14
hexrt,14
Jaws Flame,14
"King Von, Lil Durk",14
Marina,14
Mother Mother,14
"Paper Route Empire, Young Dolph",14
R. Guru,14
Rain Rec.,14
Real Geekr,14
Rita Ora,14
ROSALÍA,14
Shenseea,14
Solana,14
Surfaces,14
The Sleep Phasers,14
Verzache,14
YBN Nahmir,14
Zekrom,14
ASMRainy,13
Av9,13
Bazzi,13
Buddhism Guide,13
Dave,13
Digga D,13
Dreamville,13
Elijah Woods,13
Everywhere Brown Noise,13
"Future, Lil Uzi Vert",13
Joyner Lucas,13
"Ken Carson, Lil Uzi Vert, Destroy Lonely",13
Little Mix,13
Marlaw,13
Marvel Entertainment,13
"Metro Boomin, Future, Lil Uzi Vert",13
Mind & Ears,13
Nature Field Recordings,13
Nyashinski,13
Rain Inc,13
Sofia Rain,13
The Act,13
WESTSIDE BOOGIE,13
808 DEAD,12
Boutross,12
Dozy Sounds,12
Drake/21 Savage/Project Pat,12
"Future, Juice WRLD",12
Golden Drops,12
"Gunna, Future",12
"Homixide Gang, Biggaveli",12
"Homixide Gang, R5 Homixide",12
Jay Rock,12
Jorja Smith,12
L'Impératrice,12
"Lancey Foux, Lil Yachty",12
Lil Duke,12
Lilmaina,12
"Lucki, F1lthy",12
"Metro Boomin, Future, Chris Brown",12
Natural Sound Makers,12
NLE Choppa,12
riphoops!,12
satanslittlehelper,12
Sex Pistols,12
Tay-K,12
The Fifth Dimension,12
The Frequency Shifters,12
Third Eye Awakening,12
Tion Wayne,12
user00xman,12
"vjac0b, blxcktai",12
Wallows,12
xva,12
"Yeat, Ken Carson",12
"Young Thug, Drake",12
Arx,11
Bad Bunny,11
Black Eyed Peas,11
Bob Marley & The Wailers,11
Doctor Hz,11
exodar,11
girl in red,11
Hollow Soundbites,11
Holuka,11
IDK,11
JAY-Z,11
Kayla Nicole,11
"Ken Carson, Homixide Gang",11
Klangspiel,11
"Lil Baby, Gunna",11
Lil Skies,11
Mantalk.ke,11
Mercy Chinwo,11
Olakira,11
Ozonezzz,11
Picturesque Sound,11
"Playboi Carti, Gunna",11
Roddy Ricch,11
Satori Sounds,11
scolio,11
Simi,11
Sleepy Parents,11
squigglydiggly,11
Suburban DZ,11
Sv,11
The 963 Universal Frequency,11
The Cosmic Collective,11
The Police,11
vsyacheskiy,11
April Shower,10
Benzema,10
Bruno Mars,10
Charon,10
Chike,10
Coldplay,10
DAX,10
Devin Kennedy,10
Don Carlos,10
Dr. Dre,10
Feiertag,10
file:///,10
Flows of Sleep,10
Fred again..,10
"Future, Young Thug",10
Geek Psychology: Play Life Better,10
HR The Messenger,10
Iggy Azalea,10
Internet Money,10
Joy Crookes,10
Krizbeatz,10
Kyu Sakamoto,10
LeviathanJPTV,10
LINKTHEFIRE RECORDS,10
"Metro Boomin, Gunna",10
"Metro Boomin, Travis Scott",10
Miranda Lambert,10
Nao,10
Nature Recordings,10
NatuREM,10
Odie,10
Parti Carti,10
Personality Hacker Podcast,10
Playboi Carti - Molly,10
Playoi Carti; Young Nudy,10
Quantic,10
Queen,10
Temporada,10
The Chainsmokers,10
The Medbullets Step 2 & 3 Podcast,10
The Tone-Gens,10
TopConniver,10
Wlrjordann,10
Wound,10
x♱c,10
Ycee,10
"Young Stoner Life, Young Thug, Gunna, Yak Gotti",10
Aaryan Shah,9
Baby Lullaby Music Academy,9
Benu,9
Black Sabbath,9
Bo Burnham,9
Bodea,9
"Buddhist Wisdom, Modern Life",9
Childish Gambino,9
David Guetta,9
Destxmido,9
Edward Sharpe & The Magnetic Zeros,9
Ethic Entertainment,9
Flosin,9
FlurryWRLD,9
Focus Noise,9
FRosTydaSnowMann,9
"Gunna, Lil Baby",9
"Homixide Gang, Destroy Lonely, Biggaveli",9
ifys,9
LA Washout,9
"Lancey Foux, KAYTRANADA",9
"Lil Baby, Lil Durk, Meek Mill",9
Luke Andersson,9
Marshmello,9
"Metro Boomin, Future, Don Toliver",9
Mr.Kitty,9
Natsound,9
Nikita Kering',9
Noise and Nature,9
"Playboi Carti, Future",9
"Playboi Carti, Leven Kali",9
"Playboi Carti, Skepta",9
"Playboi Carti, Young Nudy",9
purzs,9
"Quavo, Takeoff, YoungBoy Never Broke Again",9
Reverb King,9
Rooga,9
Ruger,9
Sabi Wu,9
ScHoolboy Q,9
Smithsonian's National Zoo,9
Svjraq,9
t5xy,9
teni,9
The Kid LAROI,9
Trippie Redd & Playboi Carti,9
True White,9
WORLD OF PAPER (@papervault.us)☆☆☆,9
BCHÅ,8
Bhad Bhabie,8
Brown Noise Studio,8
Camila Cabello,8
Capital Rain Sounds,8
D'Banj,8
DreamDrops,8
Drop To Drop,8
dyingoutlay,8
Full Crate,8
H.E.R.,8
Halsey,8
Hotel Ugly,8
Hum Humming,8
Hypnosis and relaxation ｜Sound therapy,8
ICYTWAT,8
jmxri,8
Joe Worker,8
Justin Wellington,8
Karun,8
krxzzz,8
Let It Rain,8
Lil Unky,8
"Lil Yachty, Future, Playboi Carti",8
Morgonkvist,8
Northerly Nature,8
Nylana,8
Pi'erre Bourne,8
Porsche Love,8
"Quality Control, Lil Yachty, Young Thug",8
"Quavo, Takeoff, Young Thug, Gunna",8
Ramz,8
Rebzyyx,8
Regendans,8
Regnskur,8
Rock Mafia,8
Santino Le Saint,8
Skales,8
Snore Patrol,8
Solfeggio Dreams,8
Starboy,8
Tems,8
Thunder In Paradise,8
Top Audiobooks,8
Trevor Daniel,8
Trio Mio,8
TV Girl,8
Type Talks,8
VVS,8
Weather and Nature Recordings,8
X.L.T,8
"Yeat, Luh geeky",8
YG,8
"Young Nudy, 21 Savage",8
"Young Thug, Future",8
"Young Thug, Gunna",8
"YoungBoy Never Broke Again, 21 Savage",8
박혜진 Park Hye Jin,8
A92,7
Aileron,7
Ambient Eclipse,7
Ancient Rain,7
Bon Iver,7
Breeder LW,7
Brittany Howard,7
Buni,7
Busy Signal,7
Charly Black,7
Chris Kaiga,7
Christina Shusho,7
Chuks,7
CJ,7
Colorix,7
cshsznxo!,7
DaBaby,7
DaniLeigh,7
"Drake, Yeat",7
Dsav,7
GERVS,7
"Gunna, NAV",7
humidum,7
Jason Derulo,7
Jeezy,7
Joefes,7
Julia Sono,7
Lady Gaga,7
Lil Wayne,7
Lionel Richie,7
Liquid Planet Recordings,7
Liquidge,7
Mareux,7
Mejja,7
Mindful Measures,7
Oliver N'Goma,7
Ollie,7
Outdoor Field Recorders,7
Pacific Rain,7
Pixies,7
RAIN HARD,7
Rain in Spain,7
Rainy Windows,7
Sounds Of The Royal Parks,7
Ssaru,7
Surf Curse,7
The Mist,7
The Rainy Jungle,7
Ton$orMucu$,7
Vybz Kartel,7
Wide Noise HD,7
Yeat Leaked,7
"Young Stoner Life, Gunna, Yak Gotti, FN DaDealer",7
"Young Stoner Life, Young Thug, Meek Mill, T-Shyne",7
Young Stunna,7
1da Banton,6
"21 Savage, Offset, Metro Boomin",6
333sixes,6
AB,6
Alexander Stewart,6
Ambient Sample Library,6
Babyxsosa,6
bbyJacob,6
Beach Weather,6
Bey T,6
Bibula,6
"Bktherula, Destroy Lonely",6
Cartel B.A.E,6
"Chief Keef, Playboi Carti",6
Clark Jacobs,6
Crxsis,6
cuppy,6
Daily Calm,6
Desi Eskil,6
Dinkotrons,6
DJ Seinfeld,6
Drip-Drop,6
Drophic,6
Dropletecal,6
Eazy-E,6
Ecstatix,6
Emily Vaughn,6
"Emily Vaughn, Joseph Tilley, we're ok!",6
Emma Louise,6
Emon,6
Fortune,6
Four Winds,6
Glass Animals,6
Granular,6
"Gunna, Yak Gotti",6
Haya Sounds,6
Huncho Jack,6
Imber Levis,6
Imvula,6
Island Drizzle,6
Kanzu,6
Kate Bush,6
Kevin Gates,6
Kiana Ledé,6
KIDS SEE GHOSTS,6
Labi Siffre,6
"Lil Durk, King Von",6
"Lil Uzi Vert, Travis Scott",6
LoJay,6
Madds Buckley,6
Majestic Waters,6
Mark Ambor,6
"Metro Boomin, Travis Scott, Young Thug",6
Microdynamic Recordings,6
Mother Nature Sound FX,6
MrLoonax,6
Natur Musikanten,6
Natural Samples,6
Nature Of Sweden,6
O.T. Genasis,6
"Offset, Gunna",6
P!nk,6
Parcel,6
Peter McPoland,6
Pro Sounds of Nature,6
Rain Recordings,6
rfri on ig,6
Sams Sampling,6
Scattered Droplets,6
Shania Twain,6
Slime Dripper,6
Splash n' Dash,6
SR,6
sumyeon uisa 수면 의사,6
Synchronicity,6
The Creme De La Creme,6
The Goo Goo Dolls,6
The Higher Self with Danny Morel,6
The Mindset Meditation Podcast,6
the red pulpy,6
The Script,6
The Walters,6
THEONLYDELO,6
Tove Lo,6
Twista,6
UOS,6
Vercetti,6
Victoria Bigelow,6
Worldwide Nature Studios,6
"Yeat, Gunna",6
Young Doski,6
Zedd,6
Zen Studies Podcast,6
A$AP Ferg,5
ABBA,5
"ABRA, Playboi Carti, Boys Noize",5
ADIO,5
AJ Tracey,5
Ajebutter22,5
Alok,5
ArrDee,5
"Astral Doorway Podcast | Astral Travel, Awakening Consciousness, Meditation, Gnosis, Initiation etc.",5
awfultune,5
Basement,5
Ben Kessler,5
Big Moochie Grape,5
Bits & Noise,5
Blazerod,5
BlocBoy JB,5
Brisa Matinal,5
Caleb Hearn,5
California Nature Sounds,5
Camylio,5
Chlöe,5
Clean Bandit,5
Coi Leray,5
Coults,5
Crafting Audio,5
Destroy Lonely & Ken Carson,5
Dimitri Vegas & Like Mike,5
Dj Maphorisa,5
"Drake, Future",5
Earth's Rain,5
Elina,5
Ellie Goulding,5
ENHANCED AUDIO,5
Epiphonema,5
estague,5
"Ethereal, Playboi Carti",5
ExotiiC-,5
Expheria,5
Eyedress,5
Fijimacintosh,5
Guftos,5
Himmel,5
"Homixide Gang, Pi’Erre Bourne",5
"Isaiah Rashad, SZA",5
J Hus,5
Joseph Tilley,5
K-Trap,5
Keith & Kristyn Getty,5
Kidgloves,5
Kojo Funds,5
LBE Nature Recordings,5
Lewis Capaldi,5
Lifeof9000,5
Looper,5
lovelytheband,5
Lush Rain Creators,5
M24,5
Mac DeMarco,5
Mariah Carey,5
Masked Wolf,5
Matata,5
"Metro Boomin, 21 Savage, Young Nudy",5
Nandy,5
Nature Sleepsters,5
Nature Vibrations,5
"Offset, J. Cole",5
Ogień,5
Ozuna,5
Peter Fenn,5
Pioggia Notturna,5
PlayboiCarti,5
Precip,5
Puffs Of Bliss,5
"Quality Control, Offset, Playboi Carti",5
Rainded,5
SACRED MOMENTS,5
Sacred Nature,5
SahBabii,5
Seafret,5
Shaed,5
Sided,5
Silent VVS,5
"Skepta, Nafe Smallz",5
Sky Fall SF,5
Sky Travis,5
skyyy,5
Smino,5
Smokepurpp,5
Stephen Sanchez,5
Stormzy,5
"Taylor Swift, Ed Sheeran, Future",5
The Clear Mind,5
The Earth Song,5
The Forest Escape,5
The Positive Head Podcast,5
Tiësto,5
Universe Collectors,5
Wet Forest,5
Winding Down,5
Xella Machina,5
"Young Stoner Life, Young Thug, Gunna",5
"Young Stoner Life, Young Thug, Gunna, Lil Duke, Yak Gotti",5
"Young Thug, Yak Gotti, Travis Scott, 21 Savage",5
Zuni,5
Небесный душ,5
2029,4
"21 Savage, Offset, Metro Boomin, Travis Scott",4
42 Dugg,4
6ix9ine,4
Adrian,4
Aeon,4
Aitch,4
Alexandra Savior,4
alOis,4
Altered Source,4
AME,4
Antho,4
Aquagirl,4
archived tre,4
Arizona Zervas,4
Aum Balti,4
azawi,4
Bali Rain,4
Benson Boone,4
Big Sean,4
Brownosaur,4
Chromance,4
Classic Audiobook Collection,4
clide,4
Clouds Of Insomnia,4
Crayon,4
Cults,4
Cumulus,4
Deepnoum,4
Delicatessen Noise,4
Doctor Sleep,4
Doug Carrlas,4
Dr. Dreammaker,4
Dre'es,4
DreamSound,4
Dreaq Lost,4
"Earth, Wind & Fire",4
Earthlite,4
Em Beihold,4
Emma Peters,4
Erica Banks,4
Evomin,4
Finding Hope,4
For The Boys,4
Foster the People,4
Freyr,4
"Future, Gunna, Young Thug",4
"G-Eazy, Christoph Andersson",4
Garrett Kato,4
Gorillaz,4
Grey Sample Library,4
Haley Joelle,4
Hillsong United,4
HITMAN KAHT,4
Hoodrich Pablo Juan,4
Hypnotronica,4
Institute of Noise,4
J-Racks,4
Jax Jones,4
Jessie Reyez,4
Juicy World,4
"Kankan, Yeat",4
Kxffy,4
"Lancey Foux, Bakar, Monkey 67",4
Lauer,4
Lavinium,4
"Lil Baby, Lil Durk, Travis Scott",4
"Lil Durk, 21 Savage",4
M.I.A.,4
"Metro Boomin, Young Thug",4
Miley Cyrus,4
Million Drops,4
Mitski,4
MØ,4
Myd,4
"Nav, Gunna",4
Nellythegoon,4
Neo Si,4
Noise Recordings,4
Noises Of Life,4
Oasis Magna,4
"Offset, JID",4
Only The Family,4
Opium Carti,4
Organic Nature,4
P1ugg,4
Parroty,4
PASTEL GHOST,4
"Playboi Carti, Southside",4
PnB Rock,4
Practical Stoicism,4
Rain,4
RAY BLK,4
Regen Man,4
Regn,4
Relaxed Skies,4
Relaxing Nature Recordings,4
Rich Gang,4
Ricky Montgomery,4
Rico Nasty,4
rolins,4
Rory Gallagher,4
Rosie Darling,4
SAUZER - entertaiment,4
Saweetie,4
Shawn Mendes,4
Shipool,4
SJ,4
Sonhos De Aviao,4
Souloner,4
SpaceGhostPurrp,4
Squiggly Diggly,4
Sufjan Stevens,4
Summer Walker,4
Tae Retro,4
Technical Sleep,4
The Alan Parsons Project,4
The Mel Robbins Podcast,4
The Nature Songs,4
The Nature Soundscapes,4
The Rain Guru,4
The SOUND OF THE RAIN,4
The Weather Company,4
"The Weeknd, Playboi Carti, Madonna",4
Tony22,4
Vince Staples,4
Vintage Clan,4
